WO Number,Site,Job Plan,Frequency,Due Date,Status,Tech,WO Notes
WO123456,SY1,LVACB-A,A,2026-08-15,WSCHED,James Patel,annual ACB service
WO123457,SY1,RCD-S,S,2026-05-30,INPRG,Sarah O'Brien,RCD 6-mo
WO123458,SY2,NSX-A,A,2026-07-01,COMP,Michael Henderson,
WO123459,SY9,THERM-A,A,2026-09-01,WAPPROV,Kofi Asante,thermal scan
WO123460,CA1,UPS-Q,Q,2026-04-10,COMP,Lien Tran,
WO123461,SY3,PM-MONTHLY,M,2026-06-01,WSCHED,,gen monthly
WO123462,SY6,LVACB-2,2,2027-03-15,WSCHED,Daniel Quinn,2yr clean
WO123463,SY1,M10.13-A,A,42867,WSCHED,Tom O'Sullivan,maximo wo also has dates
WO123464,Cardiff DB-1,RCD-S,6M,2026-08-30,WAPPROV,Aria Singh,jemena board
